organization,date_updated,score,airtable,appearin,asana,basecamp,circleci,doodle,dropbox,evernote,facebook,fluidsurveys,github,googlechrome,googledocs,googlehangouts,hootsuite,mozillafirefox,prezi,quip,reddit,skype,slack,slideshare,surveymonkey,trello,twitter,webex,youtube,zotero
acoa,2018-10-06,6,open,open,blocked,restricted,blocked,unknown,open,open,blocked,restricted,blocked,blocked,open,unknown,open,blocked,blocked,restricted,blocked,restricted,unknown,blocked,restricted,unknown,restricted,unknown,unknown,unknown
agr,2018-09-29,15,open,blocked,restricted,restricted,blocked,restricted,unknown,open,unknown,open,unknown,restricted,unknown,open,open,restricted,restricted,unknown,restricted,open,unknown,unknown,restricted,blocked,blocked,blocked,restricted,blocked
cannor,2018-10-02,16,blocked,restricted,open,unknown,restricted,unknown,blocked,unknown,unknown,unknown,restricted,open,blocked,open,unknown,open,blocked,open,restricted,unknown,blocked,unknown,open,restricted,blocked,open,restricted,restricted
cbsa,2018-09-29,14,open,open,blocked,blocked,unknown,open,unknown,blocked,restricted,blocked,unknown,unknown,open,blocked,blocked,restricted,open,restricted,restricted,restricted,unknown,restricted,unknown,open,restricted,unknown,unknown,restricted
cfia,2018-09-29,13,restricted,unknown,blocked,blocked,blocked,restricted,restricted,blocked,restricted,open,open,unknown,restricted,unknown,restricted,open,unknown,unknown,unknown,blocked,restricted,open,open,restricted,blocked,open,restricted,blocked
cic,2018-10-20,20,open,blocked,open,blocked,open,unknown,unknown,blocked,open,blocked,restricted,open,unknown,open,open,blocked,restricted,open,unknown,unknown,restricted,restricted,restricted,unknown,blocked,open,unknown,unknown
cnsc,2018-09-29,19,restricted,open,restricted,blocked,blocked,blocked,unknown,open,open,unknown,unknown,unknown,restricted,open,restricted,unknown,unknown,open,unknown,restricted,unknown,blocked,restricted,restricted,restricted,restricted,open,unknown
cra,2018-09-29,15,unknown,unknown,blocked,open,blocked,open,open,unknown,blocked,blocked,restricted,restricted,unknown,unknown,restricted,open,unknown,unknown,restricted,open,unknown,restricted,restricted,open,unknown,restricted,unknown,blocked
csa,2018-09-29,12,unknown,unknown,open,unknown,restricted,blocked,blocked,blocked,restricted,restricted,restricted,unknown,open,restricted,restricted,restricted,blocked,unknown,blocked,restricted,restricted,open,restricted,unknown,restricted,blocked,open,restricted
csc,2018-09-29,16,blocked,open,restricted,open,unknown,open,unknown,restricted,unknown,open,unknown,blocked,open,blocked,restricted,open,open,unknown,open,restricted,blocked,open,blocked,restricted,blocked,blocked,blocked,unknown
csps,2018-09-29,27,blocked,open,open,open,blocked,restricted,blocked,unknown,open,blocked,unknown,blocked,open,restricted,open,restricted,open,restricted,restricted,unknown,open,open,blocked,restricted,unknown,unknown,open,open
dec,2018-09-29,13,blocked,restricted,restricted,blocked,open,open,open,blocked,unknown,restricted,restricted,blocked,restricted,restricted,open,open,unknown,restricted,unknown,unknown,blocked,restricted,restricted,open,unknown,blocked,unknown,blocked
dfo,2018-09-29,14,blocked,blocked,blocked,blocked,unknown,open,blocked,unknown,unknown,open,blocked,restricted,open,restricted,blocked,unknown,open,unknown,open,open,restricted,open,open,open,blocked,blocked,restricted,restricted
ec,2018-09-29,24,unknown,restricted,restricted,blocked,restricted,blocked,open,blocked,restricted,unknown,open,open,restricted,restricted,restricted,blocked,open,restricted,restricted,restricted,restricted,restricted,unknown,unknown,restricted,open,restricted,open
esdc,2018-09-29,19,restricted,unknown,blocked,open,restricted,unknown,unknown,open,restricted,restricted,restricted,restricted,open,unknown,open,restricted,restricted,unknown,open,blocked,unknown,blocked,blocked,restricted,blocked,restricted,restricted,open
feddev,2018-09-29,25,restricted,restricted,restricted,open,restricted,open,restricted,open,blocked,restricted,blocked,restricted,blocked,open,restricted,open,unknown,unknown,open,unknown,open,unknown,unknown,blocked,open,unknown,open,blocked
fin,2018-09-29,13,restricted,open,restricted,restricted,open,restricted,blocked,blocked,unknown,open,blocked,open,restricted,blocked,unknown,blocked,unknown,restricted,blocked,open,open,blocked,blocked,unknown,blocked,restricted,open,open
fintrac,2018-09-29,15,open,blocked,blocked,open,restricted,restricted,open,unknown,open,unknown,restricted,unknown,blocked,restricted,restricted,restricted,unknown,restricted,restricted,blocked,blocked,unknown,unknown,open,restricted,open,blocked,unknown
forces,2018-09-29,9,unknown,restricted,unknown,blocked,open,open,blocked,unknown,unknown,blocked,blocked,restricted,blocked,restricted,unknown,restricted,blocked,blocked,open,open,open,restricted,unknown,unknown,open,unknown,unknown,unknown
gac,2018-09-29,1,unknown,blocked,open,blocked,blocked,blocked,open,restricted,blocked,open,unknown,restricted,unknown,blocked,blocked,unknown,restricted,restricted,open,blocked,blocked,open,unknown,unknown,restricted,unknown,restricted,blocked
hc,2018-09-29,-5,open,unknown,unknown,blocked,blocked,open,unknown,restricted,blocked,unknown,unknown,restricted,blocked,unknown,blocked,unknown,unknown,blocked,restricted,open,blocked,restricted,blocked,blocked,blocked,unknown,restricted,restricted
ic,2018-09-29,15,restricted,unknown,unknown,restricted,open,unknown,unknown,blocked,restricted,unknown,open,open,unknown,blocked,unknown,blocked,restricted,unknown,open,restricted,unknown,open,blocked,unknown,restricted,blocked,restricted,open
inac,2018-09-29,12,blocked,restricted,restricted,open,open,unknown,open,unknown,open,open,unknown,blocked,blocked,unknown,blocked,blocked,unknown,blocked,restricted,unknown,open,open,blocked,open,unknown,blocked,blocked,open
infrastructure,2018-09-29,27,blocked,restricted,unknown,blocked,restricted,open,blocked,blocked,open,restricted,open,open,blocked,unknown,open,unknown,open,restricted,open,unknown,unknown,open,open,open,restricted,unknown,restricted,restricted
irb,2018-09-29,18,open,open,restricted,blocked,open,blocked,open,blocked,open,restricted,blocked,open,blocked,unknown,blocked,blocked,restricted,unknown,unknown,open,open,restricted,open,restricted,blocked,open,restricted,blocked
justice,2018-09-29,10,unknown,open,blocked,open,unknown,restricted,unknown,restricted,restricted,blocked,restricted,unknown,blocked,open,blocked,restricted,restricted,restricted,unknown,open,blocked,unknown,restricted,restricted,blocked,open,unknown,blocked
lac,2018-09-29,14,open,blocked,restricted,open,restricted,blocked,restricted,unknown,blocked,open,blocked,unknown,open,unknown,blocked,unknown,restricted,restricted,open,open,blocked,restricted,open,blocked,open,unknown,blocked,unknown
nrc,2018-09-29,26,unknown,unknown,unknown,restricted,open,open,blocked,unknown,blocked,unknown,open,open,blocked,open,open,unknown,restricted,blocked,open,open,blocked,unknown,open,open,unknown,unknown,open,restricted
nrcan,2018-09-29,11,restricted,open,blocked,blocked,restricted,restricted,blocked,blocked,open,unknown,unknown,unknown,blocked,blocked,restricted,restricted,open,restricted,unknown,unknown,restricted,unknown,open,open,unknown,unknown,restricted,unknown
pc,2018-09-29,11,blocked,restricted,blocked,unknown,open,blocked,blocked,open,open,open,blocked,restricted,open,blocked,open,blocked,unknown,blocked,unknown,unknown,restricted,blocked,unknown,open,blocked,restricted,open,open
pch,2018-09-29,21,unknown,open,restricted,open,restricted,open,blocked,blocked,unknown,unknown,unknown,blocked,unknown,unknown,open,blocked,restricted,unknown,blocked,restricted,unknown,open,open,unknown,open,open,unknown,open
pco,2018-09-29,18,open,unknown,restricted,restricted,restricted,blocked,open,restricted,blocked,blocked,open,blocked,open,open,restricted,open,blocked,blocked,restricted,restricted,blocked,unknown,blocked,restricted,restricted,open,open,restricted
phac,2018-09-29,21,unknown,restricted,restricted,unknown,open,open,open,open,restricted,unknown,unknown,restricted,open,blocked,blocked,restricted,restricted,unknown,open,open,unknown,restricted,restricted,unknown,blocked,blocked,unknown,unknown
ps,2018-09-29,30,restricted,unknown,unknown,restricted,restricted,restricted,restricted,open,blocked,unknown,unknown,open,unknown,open,blocked,restricted,unknown,unknown,unknown,open,open,restricted,restricted,restricted,restricted,open,open,open
psc,2018-09-29,17,restricted,unknown,restricted,open,restricted,blocked,unknown,unknown,unknown,unknown,unknown,restricted,open,restricted,restricted,unknown,open,open,blocked,open,blocked,unknown,restricted,blocked,restricted,open,blocked,restricted
pwgsc,2018-09-29,19,open,unknown,open,unknown,restricted,restricted,restricted,open,blocked,blocked,restricted,blocked,open,blocked,open,unknown,open,open,blocked,blocked,blocked,unknown,unknown,restricted,restricted,unknown,open,open
rcmp,2018-09-29,8,unknown,blocked,open,blocked,blocked,restricted,restricted,restricted,open,blocked,blocked,restricted,restricted,restricted,open,blocked,open,blocked,restricted,restricted,unknown,unknown,open,blocked,unknown,blocked,open,unknown
ssc,2018-09-29,-9,unknown,unknown,blocked,restricted,blocked,blocked,restricted,restricted,blocked,unknown,blocked,blocked,unknown,blocked,unknown,blocked,blocked,unknown,open,unknown,restricted,blocked,open,restricted,blocked,restricted,restricted,unknown
statcan,2018-09-29,3,restricted,unknown,restricted,unknown,restricted,restricted,blocked,restricted,blocked,open,unknown,open,open,restricted,restricted,blocked,blocked,blocked,unknown,unknown,blocked,restricted,blocked,open,blocked,blocked,restricted,unknown
tbs,2018-09-29,-1,blocked,open,open,blocked,unknown,unknown,blocked,open,blocked,restricted,restricted,restricted,blocked,blocked,blocked,blocked,restricted,blocked,restricted,blocked,blocked,open,blocked,blocked,open,restricted,open,restricted
tc,2018-09-29,17,open,open,open,open,blocked,unknown,restricted,unknown,restricted,open,unknown,blocked,open,unknown,unknown,open,blocked,blocked,restricted,unknown,blocked,open,blocked,unknown,open,unknown,restricted,blocked
vac,2018-09-29,10,unknown,unknown,blocked,open,open,restricted,unknown,open,restricted,open,unknown,unknown,open,restricted,restricted,unknown,unknown,blocked,blocked,unknown,restricted,blocked,blocked,unknown,restricted,blocked,open,blocked
wd,2018-09-29,9,blocked,open,blocked,unknown,restricted,restricted,blocked,open,restricted,blocked,unknown,blocked,restricted,blocked,unknown,restricted,restricted,open,restricted,unknown,unknown,blocked,unknown,unknown,restricted,unknown,open,open