organization,date_updated,score,asana,basecamp,doodle,dropbox,evernote,figma,fluidsurveys,funretro,googledocs,prezi,slideshare,slido,surveymonkey,trello,yammer,quip,zotero,facebook,hootsuite,instagram,linkedin,reddit,twitter,youtube,googlechrome,mozillafirefox,appearin,googlehangouts,rocketchat,skype,slack,webex,zoom,python,rstudio,tableau,airtable,circleci,gist,github
acoa,2020-01-20,105,unknown,unknown,open,open,open,open,open,open,open,open,open,open,open,open,open,unknown,unknown,open,open,unknown,open,open,open,open,open,open,open,open,open,open,open,open,open,open,open,open,open,open,open,open
agr,2019-07-19,78,unknown,unknown,open,open,open,unknown,open,unknown,open,open,open,unknown,open,open,unknown,unknown,unknown,open,open,unknown,open,open,open,open,restricted,restricted,open,open,unknown,restricted,open,open,open,restricted,restricted,restricted,open,open,open,open
atssc,2019-05-07,0,unknown,unknown,unknown,unknown,unknown,unknown,unknown,unknown,unknown,unknown,unknown,unknown,unknown,unknown,unknown,unknown,unknown,unknown,unknown,unknown,unknown,unknown,unknown,unknown,unknown,unknown,unknown,unknown,unknown,unknown,unknown,unknown,unknown,unknown,unknown,unknown,unknown,unknown,unknown,unknown
cannor,2018-09-29,0,unknown,unknown,unknown,unknown,unknown,unknown,unknown,unknown,unknown,unknown,unknown,unknown,unknown,unknown,unknown,unknown,unknown,unknown,unknown,unknown,unknown,unknown,unknown,unknown,unknown,unknown,unknown,unknown,unknown,unknown,unknown,unknown,unknown,unknown,unknown,unknown,unknown,unknown,unknown,unknown
cbsa,2019-02-07,26,unknown,unknown,open,blocked,restricted,unknown,open,unknown,blocked,open,blocked,unknown,open,restricted,unknown,unknown,unknown,blocked,restricted,unknown,unknown,open,open,blocked,restricted,restricted,open,restricted,unknown,blocked,blocked,open,open,unknown,unknown,unknown,open,open,blocked,open
cfia,2019-09-16,66,unknown,unknown,open,open,open,unknown,open,unknown,open,open,open,unknown,open,open,unknown,unknown,unknown,open,open,unknown,unknown,open,open,open,restricted,restricted,unknown,open,unknown,restricted,open,open,open,unknown,unknown,unknown,open,unknown,open,open
cic,2019-04-16,24,unknown,unknown,restricted,blocked,restricted,unknown,restricted,unknown,restricted,blocked,restricted,unknown,restricted,restricted,unknown,unknown,unknown,restricted,restricted,unknown,unknown,open,restricted,restricted,open,restricted,restricted,blocked,unknown,blocked,restricted,open,restricted,unknown,unknown,unknown,restricted,restricted,open,open
cnsc,2020-01-15,61,unknown,unknown,open,blocked,open,unknown,open,unknown,open,open,unknown,unknown,open,open,unknown,unknown,unknown,open,open,unknown,unknown,open,open,open,restricted,restricted,open,blocked,unknown,open,open,open,open,unknown,unknown,unknown,open,open,open,open
cra,2019-09-18,25,unknown,unknown,open,blocked,blocked,unknown,open,unknown,restricted,open,blocked,unknown,restricted,restricted,unknown,unknown,unknown,restricted,restricted,unknown,unknown,open,open,restricted,restricted,restricted,restricted,blocked,blocked,restricted,blocked,open,restricted,blocked,restricted,restricted,open,open,restricted,restricted
crtc,2019-05-07,0,unknown,unknown,unknown,unknown,unknown,unknown,unknown,unknown,unknown,unknown,unknown,unknown,unknown,unknown,unknown,unknown,unknown,unknown,unknown,unknown,unknown,unknown,unknown,unknown,unknown,unknown,unknown,unknown,unknown,unknown,unknown,unknown,unknown,unknown,unknown,unknown,unknown,unknown,unknown,unknown
csa,2018-09-29,0,unknown,unknown,unknown,unknown,unknown,unknown,unknown,unknown,unknown,unknown,unknown,unknown,unknown,unknown,unknown,unknown,unknown,unknown,unknown,unknown,unknown,unknown,unknown,unknown,unknown,unknown,unknown,unknown,unknown,unknown,unknown,unknown,unknown,unknown,unknown,unknown,unknown,unknown,unknown,unknown
csc,2019-05-08,67,unknown,unknown,open,restricted,open,unknown,open,unknown,open,open,open,unknown,open,open,unknown,unknown,unknown,open,unknown,unknown,open,open,open,restricted,restricted,blocked,open,open,unknown,open,open,open,open,unknown,unknown,unknown,open,open,open,open
csps,2020-01-16,91,unknown,unknown,open,open,open,unknown,open,unknown,open,open,open,open,open,open,unknown,unknown,unknown,open,open,unknown,open,open,open,open,open,open,open,open,open,restricted,open,open,open,open,open,unknown,open,open,open,open
dec,2019-03-01,76,unknown,unknown,open,open,open,unknown,open,unknown,open,open,open,unknown,open,open,unknown,unknown,unknown,open,open,unknown,unknown,open,open,open,restricted,open,open,open,unknown,open,open,open,open,unknown,unknown,unknown,open,open,open,open
dfo,2019-12-11,71,unknown,unknown,open,open,open,unknown,open,unknown,open,open,open,unknown,open,open,unknown,unknown,unknown,open,open,unknown,unknown,open,open,open,open,restricted,open,open,unknown,open,blocked,open,open,unknown,unknown,unknown,open,open,open,open
ec,2019-08-28,89,unknown,unknown,open,open,open,unknown,open,unknown,open,open,open,unknown,open,open,open,unknown,unknown,open,open,unknown,open,open,open,open,restricted,open,open,open,open,blocked,open,open,open,open,open,open,open,open,open,open
elections,2019-07-26,36,unknown,unknown,restricted,restricted,restricted,unknown,restricted,unknown,restricted,restricted,restricted,unknown,restricted,restricted,restricted,unknown,unknown,open,open,unknown,open,open,open,open,open,open,blocked,blocked,unknown,unknown,open,open,unknown,unknown,unknown,unknown,unknown,unknown,unknown,unknown
esdc,2019-11-30,44,unknown,unknown,open,blocked,open,unknown,open,unknown,restricted,restricted,blocked,unknown,open,restricted,unknown,unknown,unknown,open,open,unknown,open,open,open,open,blocked,restricted,restricted,blocked,unknown,blocked,restricted,open,open,unknown,unknown,unknown,open,open,open,open
feddev,2018-11-20,35,unknown,unknown,open,restricted,open,unknown,open,unknown,open,unknown,unknown,unknown,unknown,unknown,unknown,unknown,unknown,open,open,unknown,unknown,open,open,open,open,restricted,unknown,unknown,unknown,unknown,unknown,open,unknown,unknown,unknown,unknown,unknown,unknown,unknown,unknown
fin,2018-11-20,26,unknown,unknown,open,open,open,unknown,open,unknown,blocked,open,blocked,unknown,open,unknown,unknown,unknown,unknown,open,unknown,unknown,unknown,unknown,open,open,blocked,blocked,unknown,open,unknown,blocked,open,open,unknown,unknown,unknown,unknown,unknown,unknown,unknown,unknown
fintrac,2018-09-29,0,unknown,unknown,unknown,unknown,unknown,unknown,unknown,unknown,unknown,unknown,unknown,unknown,unknown,unknown,unknown,unknown,unknown,unknown,unknown,unknown,unknown,unknown,unknown,unknown,unknown,unknown,unknown,unknown,unknown,unknown,unknown,unknown,unknown,unknown,unknown,unknown,unknown,unknown,unknown,unknown
forces,2020-01-24,-1,unknown,unknown,open,blocked,unknown,unknown,unknown,unknown,restricted,blocked,blocked,unknown,blocked,open,unknown,unknown,unknown,open,unknown,unknown,open,open,restricted,blocked,restricted,restricted,unknown,blocked,blocked,blocked,blocked,unknown,unknown,restricted,restricted,unknown,unknown,unknown,blocked,blocked
gac,2019-11-13,70,unknown,unknown,open,open,open,unknown,open,unknown,open,open,open,unknown,open,open,open,unknown,unknown,open,open,unknown,open,open,open,open,open,blocked,open,restricted,unknown,blocked,open,open,restricted,unknown,unknown,unknown,open,open,open,open
hc,2019-12-31,95,unknown,unknown,open,open,open,open,open,open,open,open,open,open,open,open,open,unknown,unknown,open,open,unknown,open,open,open,open,open,restricted,open,open,open,restricted,open,open,open,restricted,restricted,restricted,open,open,open,open
ic,2019-08-14,93,unknown,unknown,open,open,open,unknown,open,unknown,open,open,open,unknown,open,open,unknown,unknown,unknown,open,open,unknown,open,open,open,open,open,open,open,open,open,open,open,open,open,open,open,open,open,open,open,open
inac,2019-11-23,35,unknown,unknown,open,blocked,open,unknown,open,unknown,blocked,blocked,blocked,unknown,open,blocked,open,unknown,unknown,open,open,unknown,open,open,open,blocked,open,open,open,open,open,blocked,blocked,open,open,restricted,restricted,restricted,blocked,open,blocked,blocked
infrastructure,2018-09-29,0,unknown,unknown,unknown,unknown,unknown,unknown,unknown,unknown,unknown,unknown,unknown,unknown,unknown,unknown,unknown,unknown,unknown,unknown,unknown,unknown,unknown,unknown,unknown,unknown,unknown,unknown,unknown,unknown,unknown,unknown,unknown,unknown,unknown,unknown,unknown,unknown,unknown,unknown,unknown,unknown
irb,2019-05-07,26,unknown,unknown,unknown,restricted,unknown,unknown,unknown,unknown,restricted,unknown,unknown,unknown,open,unknown,unknown,unknown,unknown,open,open,unknown,unknown,open,open,open,restricted,restricted,unknown,unknown,unknown,unknown,unknown,restricted,unknown,unknown,unknown,unknown,unknown,unknown,unknown,open
justice,2019-05-09,67,unknown,unknown,open,open,open,unknown,open,unknown,restricted,open,open,unknown,open,open,unknown,unknown,unknown,open,open,unknown,open,open,open,open,restricted,open,open,blocked,unknown,blocked,open,open,open,unknown,unknown,unknown,open,open,open,open
lac,2019-01-02,72,unknown,unknown,open,open,open,unknown,open,unknown,open,open,open,unknown,open,open,unknown,unknown,unknown,open,open,unknown,unknown,open,open,open,restricted,restricted,open,open,unknown,restricted,open,open,open,unknown,unknown,unknown,open,open,open,open
nrc,2019-11-29,82,unknown,unknown,open,restricted,open,unknown,open,unknown,open,open,restricted,unknown,open,open,open,open,unknown,open,open,unknown,open,open,open,open,restricted,restricted,open,open,open,unknown,open,open,open,unknown,unknown,open,open,open,open,open
nrcan,2019-11-24,86,unknown,unknown,open,restricted,open,unknown,open,unknown,open,open,restricted,unknown,open,open,open,unknown,unknown,open,open,unknown,open,open,open,open,open,restricted,open,open,open,open,open,open,open,restricted,restricted,open,open,open,open,open
ocl,2019-07-04,0,unknown,unknown,unknown,unknown,unknown,unknown,unknown,unknown,unknown,unknown,unknown,unknown,unknown,unknown,unknown,unknown,unknown,unknown,unknown,unknown,unknown,unknown,unknown,unknown,unknown,unknown,unknown,unknown,unknown,unknown,unknown,unknown,unknown,unknown,unknown,unknown,unknown,unknown,unknown,unknown
ocol,2019-05-08,0,unknown,unknown,unknown,unknown,unknown,unknown,unknown,unknown,unknown,unknown,unknown,unknown,unknown,unknown,unknown,unknown,unknown,unknown,unknown,unknown,unknown,unknown,unknown,unknown,unknown,unknown,unknown,unknown,unknown,unknown,unknown,unknown,unknown,unknown,unknown,unknown,unknown,unknown,unknown,unknown
pc,2020-01-10,105,unknown,unknown,open,open,open,open,open,open,open,open,open,open,open,open,open,unknown,unknown,open,open,unknown,open,open,open,open,open,open,open,open,open,open,open,open,open,open,open,open,open,open,open,open
pch,2019-05-13,60,unknown,unknown,open,open,open,unknown,unknown,unknown,restricted,open,open,unknown,open,open,unknown,unknown,unknown,open,open,unknown,open,open,open,open,open,open,open,restricted,unknown,unknown,restricted,open,unknown,unknown,unknown,unknown,open,unknown,unknown,open
pco,2019-12-15,78,unknown,unknown,open,open,open,unknown,open,unknown,open,open,open,unknown,open,open,unknown,unknown,unknown,open,open,unknown,open,open,open,open,open,restricted,open,open,unknown,restricted,restricted,open,open,unknown,unknown,open,open,open,open,open
phac,2019-12-31,95,unknown,unknown,open,open,open,open,open,open,open,open,open,open,open,open,open,unknown,unknown,open,open,unknown,open,open,open,open,open,restricted,open,open,open,restricted,open,open,open,restricted,restricted,restricted,open,open,open,open
ppsc,2019-01-03,63,unknown,unknown,open,open,open,unknown,open,unknown,blocked,open,open,unknown,open,open,unknown,unknown,unknown,open,open,unknown,unknown,open,open,open,open,open,open,blocked,unknown,blocked,open,open,open,unknown,unknown,unknown,open,open,open,open
ps,2019-07-29,12,unknown,unknown,blocked,restricted,restricted,unknown,open,unknown,restricted,blocked,blocked,unknown,unknown,open,unknown,unknown,unknown,open,open,unknown,unknown,open,open,open,open,restricted,blocked,blocked,unknown,blocked,blocked,open,blocked,unknown,unknown,unknown,blocked,blocked,blocked,open
psc,2020-01-13,94,unknown,unknown,open,open,open,open,open,open,open,open,open,open,open,open,open,unknown,unknown,open,open,unknown,open,open,open,open,restricted,restricted,open,open,open,open,open,open,open,restricted,restricted,unknown,open,open,open,open
pwgsc,2019-07-19,80,unknown,unknown,open,open,open,unknown,open,unknown,open,open,open,unknown,open,open,unknown,unknown,unknown,open,open,unknown,open,open,open,open,open,open,open,open,unknown,open,open,open,open,restricted,unknown,unknown,open,open,open,restricted
rcmp,2019-07-17,-37,unknown,unknown,blocked,blocked,blocked,unknown,blocked,unknown,blocked,blocked,blocked,unknown,blocked,restricted,unknown,unknown,unknown,blocked,blocked,unknown,open,blocked,blocked,blocked,restricted,restricted,blocked,blocked,open,blocked,blocked,blocked,blocked,unknown,unknown,unknown,blocked,blocked,blocked,blocked
ssc,2019-11-01,82,unknown,unknown,open,open,open,unknown,open,unknown,open,open,open,unknown,open,open,unknown,unknown,unknown,open,open,unknown,open,open,open,open,open,open,open,open,restricted,open,open,open,open,unknown,unknown,unknown,open,open,open,open
statcan,2019-09-12,63,unknown,unknown,open,blocked,open,unknown,open,unknown,restricted,open,blocked,unknown,open,open,unknown,unknown,unknown,open,open,unknown,open,open,open,open,restricted,restricted,open,open,unknown,restricted,open,open,open,unknown,unknown,unknown,open,open,open,open
tbs,2019-12-03,61,unknown,unknown,open,open,open,unknown,open,unknown,open,open,open,unknown,open,open,unknown,unknown,unknown,open,open,unknown,open,open,open,open,open,blocked,restricted,blocked,open,blocked,open,open,blocked,restricted,blocked,unknown,open,open,open,open
tc,2019-07-18,94,unknown,unknown,open,open,open,unknown,open,unknown,open,open,open,unknown,open,open,open,unknown,unknown,open,open,unknown,open,open,open,open,open,open,open,open,open,open,open,open,open,restricted,open,open,open,open,open,open
vac,2019-07-19,81,unknown,unknown,open,open,open,unknown,open,unknown,open,open,open,unknown,open,open,unknown,unknown,unknown,open,open,unknown,open,open,open,open,open,open,open,open,unknown,open,open,open,open,unknown,unknown,unknown,open,open,open,open
wd,2019-05-09,73,unknown,unknown,open,open,open,unknown,open,unknown,open,open,open,unknown,open,open,unknown,unknown,unknown,open,open,unknown,open,open,open,open,open,open,open,open,unknown,restricted,open,open,open,unknown,unknown,unknown,unknown,unknown,open,open